repo_id,repo_name,category
53548867,dbt-labs/dbt,transformation
675102934,dbt-labs/dbt-adapters,transformation
97406952,dbt-labs/dbt-utils,transformation
477826645,dbt-labs/metricflow,semantic_layer
904814778,metaplane/dbt-expectations,data_quality
540527604,SQLMesh/sqlmesh,transformation
347277349,tobymao/sqlglot,transformation
149026292,cube-js/cube,semantic_layer
33884891,apache/airflow,orchestration
577757880,astronomer/astronomer-cosmos,orchestration
131619646,dagster-io/dagster,orchestration
139199684,PrefectHQ/prefect,orchestration
204164353,kestra-io/kestra,orchestration
216628419,flyteorg/flyte,orchestration
493014338,mage-ai/mage-ai,orchestration
5888353,spotify/luigi,orchestration
100982449,argoproj/argo-workflows,orchestration
215654064,temporalio/temporal,orchestration
138754790,duckdb/duckdb,query_engine
263727855,pola-rs/polars,query_engine
17165658,apache/spark,query_engine
51905353,apache/arrow,query_engine
358917318,apache/datafusion,query_engine
166515022,trinodb/trino,query_engine
34139230,ibis-project/ibis,query_engine
858127,pandas-dev/pandas,query_engine
20587599,apache/flink,query_engine
60246359,ClickHouse/ClickHouse,database
6358188,apache/druid,database
19961085,apache/pinot,database
99919302,apache/doris,database
402945349,StarRocks/starrocks,database
453068084,risingwavelabs/risingwave,database
607441698,lancedb/lancedb,database
182849188,delta-io/delta,table_format
158256479,apache/iceberg,table_format
76474200,apache/hudi,table_format
814708478,unitycatalog/unitycatalog,catalog
2211243,apache/kafka,streaming
309512982,redpanda-data/redpanda,streaming
283046497,airbytehq/airbyte,ingestion
378997214,meltano/meltano,ingestion
452221115,dlt-hub/dlt,ingestion
50205233,debezium/debezium,ingestion
27911088,apache/nifi,ingestion
146327667,vectordotdev/vector,ingestion
39464018,apache/superset,bi
30203935,metabase/metabase,bi
13926404,getredash/redash,bi
349372179,lightdash/lightdash,bi
371239231,evidence-dev/evidence,bi
436466520,rilldata/rill,bi
204086862,streamlit/streamlit,bi
33702544,plotly/dash,bi
15111821,grafana/grafana,bi
103071520,fivetran/great_expectations,data_quality
321458274,sodadata/soda-core,data_quality
401275197,elementary-data/elementary,data_quality
391740664,open-metadata/OpenMetadata,catalog
46398090,datahub-project/datahub,catalog
306977038,OpenLineage/OpenLineage,catalog
139907613,MarquezProject/marquez,catalog
60374819,jupyterlab/jupyterlab,notebook
678526156,marimo-team/marimo,notebook
